<?xml version="1.0" encoding="UTF-8"?>
<beans xmlns="http://www.springframework.org/schema/beans"
	xmlns:xsi="http://www.w3.org/2001/XMLSchema-instance"
	xmlns:jdbc="http://www.springframework.org/schema/jdbc"
	xmlns:tx="http://www.springframework.org/schema/tx"
	xmlns:context="http://www.springframework.org/schema/context"
	xsi:schemaLocation="http://www.springframework.org/schema/beans
							http://www.springframework.org/schema/beans/spring-beans.xsd
							http://www.springframework.org/schema/jdbc
							http://www.springframework.org/schema/jdbc/spring-jdbc.xsd
							http://www.springframework.org/schema/tx
							http://www.springframework.org/schema/tx/spring-tx.xsd
							http://www.springframework.org/schema/context
							http://www.springframework.org/schema/context/spring-context.xsd">

	<!-- The configuration of the Library Master application. -->
	<context:annotation-config/>
	<context:component-scan base-package="ite.librarymaster.application.service,ite.librarymaster.infrastructure"/>
	
	 <bean id="entityManagerFactory" class="org.springframework.orm.jpa.LocalContainerEntityManagerFactoryBean">
        <property name="dataSource" ref="dataSource" />
        <!-- This scan the packages for entity classes an hence no need for persistence unit -->
        <property name="packagesToScan" value="ite.librarymaster.domain.model" />
        <property name="jpaVendorAdapter">
            <bean class="org.springframework.orm.jpa.vendor.HibernateJpaVendorAdapter">
                <property name="showSql" value="true" />
                <!-- if this is true it can override hibernate.hbm2ddl.auto settings -->
                <property name="generateDdl" value="false" />
                <!-- <property name="databasePlatform" value="org.hibernate.dialect.DerbyDialect" /> -->
                <property name="databasePlatform" value="org.hibernate.dialect.MySQLDialect" /> 
            </bean>
        </property>
    </bean>

	<!-- <bean id="dataSource" class="org.springframework.jdbc.datasource.DriverManagerDataSource">
        <property name="driverClassName">
            <value>com.mysql.jdbc.Driver</value>
        </property>
        <property name="url">
            <value>jdbc:mysql://localhost/library</value>
        </property>
        <property name="username">
            <value>library</value>
        </property>
        <property name="password">
            <value>library</value>
        </property>
    </bean>-->
    
   
    <bean id="dataSource" class="org.springframework.jndi.JndiObjectFactoryBean">
        <property name="jndiName" value="java:comp/env/jdbc/LibraryMaster"/>
    </bean>
    
	<bean id="txManager" class="org.springframework.orm.jpa.JpaTransactionManager">
        <property name="entityManagerFactory" ref="entityManagerFactory"/>
    </bean>
    <tx:annotation-driven transaction-manager="txManager"/>
</beans>
