<?xml version="1.0" encoding="UTF-8"?>
<beans xmlns="http://www.springframework.org/schema/beans"
    xmlns:xsi="http://www.w3.org/2001/XMLSchema-instance"
    xmlns:context="http://www.springframework.org/schema/context"
    xmlns:mvc="http://www.springframework.org/schema/mvc"
    xsi:schemaLocation="http://www.springframework.org/schema/beans   http://www.springframework.org/schema/beans/spring-beans.xsd
                        http://www.springframework.org/schema/context http://www.springframework.org/schema/context/spring-context.xsd
                        http://www.springframework.org/schema/mvc     http://www.springframework.org/schema/mvc/spring-mvc.xsd">

	<!-- 
		This example uses component scanning to automatically
		pick up controllers. 
			- Dependencies of controllers are wired using @Autowired support.
			- The URI scheme is controller using @RequestMapping annotations
	-->
	
	<context:component-scan base-package="ite.librarymaster.application.web,ite.librarymaster.application.api"/>
    <mvc:resources mapping="/webjars/**" location="/webjars/" order="0"/>
	<mvc:annotation-driven/>
    <mvc:default-servlet-handler/>

    <!-- THYMELEAF: Template Resolver for webapp pages   -->
    <bean id="thymeleafTemplateResolver" class="org.thymeleaf.templateresolver.ServletContextTemplateResolver">
        <property name="prefix" value="/views/"/>
        <property name="suffix" value=".html"/>
        <property name="templateMode" value="HTML5"/>
        <property name="characterEncoding" value="UTF-8"/>
        <property name="cacheable" value="false" />
    </bean>

    <!-- THYMELEAF: Template Engine (Spring3-specific version) -->
    <bean id="templateEngine" class="org.thymeleaf.spring4.SpringTemplateEngine">
        <property name="templateResolver" ref="thymeleafTemplateResolver"/>
    </bean>

    <!-- THYMELEAF: View Resolver - implementation of Spring's ViewResolver interface -->
    <bean id="thymeleafViewResolver" class="org.thymeleaf.spring4.view.ThymeleafViewResolver">
        <property name="viewNames" value="*"/>
        <property name="templateEngine" ref="templateEngine"/>
        <property name="characterEncoding" value="UTF-8"/>
        <property name="order" value="2"/>
    </bean>
    
    <bean id="exceptionResolver" class="org.springframework.web.servlet.handler.SimpleMappingExceptionResolver">
        <property name="exceptionMappings">
            <props>
                <prop key="ite.librarymaster.application.exception.ItemNotFoundException">error/404</prop>
            </props>
        </property>
        <property name="statusCodes">
            <props>
                <prop key="error/404">404</prop>
                <prop key="error/error">500</prop>
            </props>
        </property>
    </bean>
	
</beans>
